,,
23 04 2024 20 12 36,,
,First Failure Found,Amount of Failures Found
Random Test Results,7,2
Search Based Results,null,0
STFCS Results,3,1
Runtime: 2457,,
23 04 2024 20 12 39,,
,First Failure Found,Amount of Failures Found
Random Test Results,null,0
Search Based Results,10,1
STFCS Results,null,0
Runtime: 2546,,
23 04 2024 20 12 43,,
,First Failure Found,Amount of Failures Found
Random Test Results,8,1
Search Based Results,1,1
STFCS Results,3,2
Runtime: 2523,,
23 04 2024 20 12 46,,
,First Failure Found,Amount of Failures Found
Random Test Results,3,5
Search Based Results,null,0
STFCS Results,8,1
Runtime: 2369,,
23 04 2024 20 12 49,,
,First Failure Found,Amount of Failures Found
Random Test Results,9,1
Search Based Results,7,1
STFCS Results,null,0
Runtime: 2546,,
23 04 2024 20 12 53,,
,First Failure Found,Amount of Failures Found
Random Test Results,1,1
Search Based Results,4,1
STFCS Results,6,2
Runtime: 2404,,
23 04 2024 20 12 56,,
,First Failure Found,Amount of Failures Found
Random Test Results,null,0
Search Based Results,null,0
STFCS Results,9,1
Runtime: 2501,,
23 04 2024 20 12 59,,
,First Failure Found,Amount of Failures Found
Random Test Results,3,1
Search Based Results,3,1
STFCS Results,10,1
Runtime: 2480,,
23 04 2024 20 13 03,,
,First Failure Found,Amount of Failures Found
Random Test Results,10,1
Search Based Results,4,1
STFCS Results,4,3
Runtime: 2636,,
23 04 2024 20 13 06,,
,First Failure Found,Amount of Failures Found
Random Test Results,null,0
Search Based Results,9,1
STFCS Results,null,0
Runtime: 2416,,
23 04 2024 20 13 09,,
,First Failure Found,Amount of Failures Found
Random Test Results,3,2
Search Based Results,6,2
STFCS Results,1,2
Runtime: 2408,,
23 04 2024 20 13 12,,
,First Failure Found,Amount of Failures Found
Random Test Results,6,1
Search Based Results,null,0
STFCS Results,6,2
Runtime: 2346,,
23 04 2024 20 13 15,,
,First Failure Found,Amount of Failures Found
Random Test Results,null,0
Search Based Results,6,1
STFCS Results,null,0
Runtime: 2462,,
23 04 2024 20 13 19,,
,First Failure Found,Amount of Failures Found
Random Test Results,null,0
Search Based Results,7,2
STFCS Results,5,3
Runtime: 2510,,
23 04 2024 20 13 22,,
,First Failure Found,Amount of Failures Found
Random Test Results,9,1
Search Based Results,1,2
STFCS Results,1,2
Runtime: 2527,,
23 04 2024 20 13 25,,
,First Failure Found,Amount of Failures Found
Random Test Results,null,0
Search Based Results,4,1
STFCS Results,7,1
Runtime: 2499,,
23 04 2024 20 13 28,,
,First Failure Found,Amount of Failures Found
Random Test Results,null,0
Search Based Results,1,3
STFCS Results,6,3
Runtime: 2465,,
23 04 2024 20 13 32,,
,First Failure Found,Amount of Failures Found
Random Test Results,null,0
Search Based Results,5,1
STFCS Results,null,0
Runtime: 2284,,
23 04 2024 20 13 35,,
,First Failure Found,Amount of Failures Found
Random Test Results,null,0
Search Based Results,null,0
STFCS Results,null,0
Runtime: 2597,,
23 04 2024 20 13 38,,
,First Failure Found,Amount of Failures Found
Random Test Results,2,1
Search Based Results,3,2
STFCS Results,8,1
Runtime: 2386,,
23 04 2024 20 13 41,,
,First Failure Found,Amount of Failures Found
Random Test Results,9,1
Search Based Results,4,2
STFCS Results,4,1
Runtime: 2454,,
23 04 2024 20 13 45,,
,First Failure Found,Amount of Failures Found
Random Test Results,3,2
Search Based Results,10,1
STFCS Results,3,2
Runtime: 2584,,
23 04 2024 20 13 49,,
,First Failure Found,Amount of Failures Found
Random Test Results,null,0
Search Based Results,5,2
STFCS Results,1,2
Runtime: 2478,,
23 04 2024 20 13 52,,
,First Failure Found,Amount of Failures Found
Random Test Results,4,2
Search Based Results,6,1
STFCS Results,2,1
Runtime: 2507,,
23 04 2024 20 13 55,,
,First Failure Found,Amount of Failures Found
Random Test Results,null,0
Search Based Results,1,1
STFCS Results,null,0
Runtime: 2371,,
23 04 2024 20 13 58,,
,First Failure Found,Amount of Failures Found
Random Test Results,4,3
Search Based Results,6,1
STFCS Results,null,0
Runtime: 2630,,
23 04 2024 20 14 02,,
,First Failure Found,Amount of Failures Found
Random Test Results,5,1
Search Based Results,null,0
STFCS Results,7,1
Runtime: 2482,,
23 04 2024 20 14 05,,
,First Failure Found,Amount of Failures Found
Random Test Results,2,2
Search Based Results,null,0
STFCS Results,2,3
Runtime: 2313,,
23 04 2024 20 14 08,,
,First Failure Found,Amount of Failures Found
Random Test Results,1,2
Search Based Results,null,0
STFCS Results,5,1
Runtime: 2643,,
23 04 2024 20 14 11,,
,First Failure Found,Amount of Failures Found
Random Test Results,null,0
Search Based Results,1,1
STFCS Results,4,1
Runtime: 2349,,
